Start Distance,End Distance
10,20
10,20
10,20
10,20
10,20
10,20
10,20
10,20
10,20
10,20
10,20
b'LOG: START: 12.09445'
b'LOG: START: 12.09414'
